"R1.Pires5600_Peg_S.3357334742.60.30.3357392535","Pires5600","Peg_S.3357334742","80"
"R1.Pires5600_Peg_S.3357334744.600.60.3357392535","Pires5600","Peg_S.3357334744","80"
"R1.Pires5600_Queens_S.3357334759.180.120.3357392535","Pires5600","Queens_S.3357334759","0"
"R1.Pires5600_Hanoi_S.3357334769.300.45.3357392535","Pires5600","Hanoi_S.3357334769","100"
"R1.Pires5600_Pancakes_S.3357334777.1200.20.3357392535","Pires5600","Pancakes_S.3357334777","100"
"R1.Pires5600_Maze_S.3357334782.20.10.3357392535","Pires5600","Maze_S.3357334782","100"
"R1.Pires5600_Pancakes_S.3357334789.60.45.3357392535","Pires5600","Pancakes_S.3357334789","100"
"R1.Cluneplayer_Peg_S.3357334742.60.30.3357392535","Cluneplayer","Peg_S.3357334742","50"
"R1.Cluneplayer_Peg_S.3357334744.600.60.3357392535","Cluneplayer","Peg_S.3357334744","90"
"R1.Cluneplayer_Queens_S.3357334759.180.120.3357392535","Cluneplayer","Queens_S.3357334759","0"
"R1.Cluneplayer_Hanoi_S.3357334769.300.45.3357392535","Cluneplayer","Hanoi_S.3357334769","60"
"R1.Cluneplayer_Pancakes_S.3357334777.1200.20.3357392535","Cluneplayer","Pancakes_S.3357334777","100"
"R1.Cluneplayer_Maze_S.3357334782.20.10.3357392535","Cluneplayer","Maze_S.3357334782","100"
"R1.Cluneplayer_Pancakes_S.3357334789.60.45.3357392535","Cluneplayer","Pancakes_S.3357334789","100"
"R1.Aidriven.Learner_Peg_S.3357334744.600.60.3357392535","Aidriven.Learner","Peg_S.3357334744","0"
"R1.Aidriven.Learner_Queens_S.3357334759.180.120.3357392535","Aidriven.Learner","Queens_S.3357334759","0"
"R1.Aidriven.Learner_Hanoi_S.3357334769.300.45.3357392535","Aidriven.Learner","Hanoi_S.3357334769","0"
"R1.Aidriven.Learner_Maze_S.3357334782.20.10.3357392535","Aidriven.Learner","Maze_S.3357334782","0"
"R1.Aidriven.Learner_Pancakes_S.3357334789.60.45.3357392536","Aidriven.Learner","Pancakes_S.3357334789","0"
"R1.Jigsawbot_Peg_S.3357334744.600.60.3357392536","Jigsawbot","Peg_S.3357334744","0"
"R1.Jigsawbot_Queens_S.3357334759.180.120.3357392536","Jigsawbot","Queens_S.3357334759","0"
"R1.Jigsawbot_Hanoi_S.3357334769.300.45.3357392536","Jigsawbot","Hanoi_S.3357334769","0"
"R1.Jigsawbot_Pancakes_S.3357334777.1200.20.3357392536","Jigsawbot","Pancakes_S.3357334777","0"
"R1.Jigsawbot_Maze_S.3357334782.20.10.3357392536","Jigsawbot","Maze_S.3357334782","0"
"R1.Entropy_Peg_S.3357334742.60.30.3357392536","Entropy","Peg_S.3357334742","0"
"R1.Entropy_Queens_S.3357334759.180.120.3357392536","Entropy","Queens_S.3357334759","0"
"R1.Entropy_Hanoi_S.3357334769.300.45.3357392536","Entropy","Hanoi_S.3357334769","0"
"R1.Entropy_Pancakes_S.3357334777.1200.20.3357392536","Entropy","Pancakes_S.3357334777","0"
"R1.Entropy_Maze_S.3357334782.20.10.3357392536","Entropy","Maze_S.3357334782","0"
"R1.Entropy_Pancakes_S.3357334789.60.45.3357392536","Entropy","Pancakes_S.3357334789","0"
"R1.Ogre_Peg_S.3357334742.60.30.3357392536","Ogre","Peg_S.3357334742","50"
"R1.Ogre_Queens_S.3357334759.180.120.3357392536","Ogre","Queens_S.3357334759","0"
"R1.Ogre_Hanoi_S.3357334769.300.45.3357392536","Ogre","Hanoi_S.3357334769","40"
"R1.Ogre_Pancakes_S.3357334777.1200.20.3357392536","Ogre","Pancakes_S.3357334777","100"
"R1.Ogre_Maze_S.3357334782.20.10.3357392536","Ogre","Maze_S.3357334782","100"
"R1.Ogre_Pancakes_S.3357334789.60.45.3357392536","Ogre","Pancakes_S.3357334789","100"
"R1.Fluxplayer_Peg_S.3357334742.60.30.3357392536","Fluxplayer","Peg_S.3357334742","80"
"R1.Fluxplayer_Peg_S.3357334744.600.60.3357392536","Fluxplayer","Peg_S.3357334744","90"
"R1.Fluxplayer_Queens_S.3357334759.180.120.3357392536","Fluxplayer","Queens_S.3357334759","100"
"R1.Fluxplayer_Hanoi_S.3357334769.300.45.3357392536","Fluxplayer","Hanoi_S.3357334769","100"
"R1.Fluxplayer_Pancakes_S.3357334777.1200.20.3357392536","Fluxplayer","Pancakes_S.3357334777","100"
"R1.Fluxplayer_Maze_S.3357334782.20.10.3357392536","Fluxplayer","Maze_S.3357334782","100"
"R1.Fluxplayer_Pancakes_S.3357334789.60.45.3357392536","Fluxplayer","Pancakes_S.3357334789","100"
"R1.Apple-Rt_Peg_S.3357334742.60.30.3357392536","Apple-Rt","Peg_S.3357334742","0"
"R1.Apple-Rt_Peg_S.3357334744.600.60.3357392536","Apple-Rt","Peg_S.3357334744","0"
"R1.Apple-Rt_Queens_S.3357334759.180.120.3357392536","Apple-Rt","Queens_S.3357334759","50"
"R1.Apple-Rt_Hanoi_S.3357334769.300.45.3357392536","Apple-Rt","Hanoi_S.3357334769","0"
"R1.Apple-Rt_Pancakes_S.3357334777.1200.20.3357392536","Apple-Rt","Pancakes_S.3357334777","70"
"R1.Apple-Rt_Maze_S.3357334782.20.10.3357392536","Apple-Rt","Maze_S.3357334782","100"
"R1.Apple-Rt_Pancakes_S.3357334789.60.45.3357392536","Apple-Rt","Pancakes_S.3357334789","0"
"R1.Nnrg.Hazel_Peg_S.3357334742.60.30.3357392536","Nnrg.Hazel","Peg_S.3357334742","0"
"R1.Nnrg.Hazel_Queens_S.3357334759.180.120.3357392536","Nnrg.Hazel","Queens_S.3357334759","0"
"R1.Nnrg.Hazel_Hanoi_S.3357334769.300.45.3357392536","Nnrg.Hazel","Hanoi_S.3357334769","0"
"R1.Nnrg.Hazel_Pancakes_S.3357334777.1200.20.3357392536","Nnrg.Hazel","Pancakes_S.3357334777","100"
"R1.Nnrg.Hazel_Maze_S.3357334782.20.10.3357392536","Nnrg.Hazel","Maze_S.3357334782","100"
"R1.Nnrg.Hazel_Pancakes_S.3357334789.60.45.3357392536","Nnrg.Hazel","Pancakes_S.3357334789","100"
"R1.Luckylemming_Peg_S.3357334742.60.30.3357392536","Luckylemming","Peg_S.3357334742","80"
"R1.Luckylemming_Peg_S.3357334744.600.60.3357392536","Luckylemming","Peg_S.3357334744","70"
"R1.Luckylemming_Queens_S.3357334759.180.120.3357392536","Luckylemming","Queens_S.3357334759","0"
"R1.Luckylemming_Hanoi_S.3357334769.300.45.3357392536","Luckylemming","Hanoi_S.3357334769","100"
"R1.Luckylemming_Pancakes_S.3357334777.1200.20.3357392536","Luckylemming","Pancakes_S.3357334777","100"
"R1.Luckylemming_Maze_S.3357334782.20.10.3357392536","Luckylemming","Maze_S.3357334782","100"
"R1.Luckylemming_Pancakes_S.3357334789.60.45.3357392536","Luckylemming","Pancakes_S.3357334789","100"
"R1.The_Peg_S.3357334742.60.30.3357392536","The","Peg_S.3357334742","0"
"R1.The_Peg_S.3357334744.600.60.3357392536","The","Peg_S.3357334744","0"
"R1.The_Queens_S.3357334759.180.120.3357392536","The","Queens_S.3357334759","0"
"R1.The_Hanoi_S.3357334769.300.45.3357392536","The","Hanoi_S.3357334769","0"
"R1.The_Maze_S.3357334782.20.10.3357392536","The","Maze_S.3357334782","0"
"R1.The_Pancakes_S.3357334789.60.45.3357392536","The","Pancakes_S.3357334789","0"
"R1.Ggp_Remote_Agent_Peg_S.3357334742.60.30.3357392536","Ggp_Remote_Agent","Peg_S.3357334742","0"
"R1.Ggp_Remote_Agent_Queens_S.3357334759.180.120.3357392536","Ggp_Remote_Agent","Queens_S.3357334759","0"
"R1.Ggp_Remote_Agent_Hanoi_S.3357334769.300.45.3357392536","Ggp_Remote_Agent","Hanoi_S.3357334769","0"
"R1.Ggp_Remote_Agent_Pancakes_S.3357334777.1200.20.3357392536","Ggp_Remote_Agent","Pancakes_S.3357334777","0"
"R1.Ggp_Remote_Agent_Maze_S.3357334782.20.10.3357392536","Ggp_Remote_Agent","Maze_S.3357334782","0"
"R1.Ggp_Remote_Agent_Pancakes_S.3357334789.60.45.3357392536","Ggp_Remote_Agent","Pancakes_S.3357334789","0"
"R1.Ogre_Peg_S.3357334744.600.60.3357404725","Ogre","Peg_S.3357334744","50"
"Match.3357411357","Aidriven.Learner","Peg_S.3357334742","0"
"Match.3357411395","Jigsawbot","Peg_S.3357334742","0"
"Match.3357411418","Nnrg.Hazel","Peg_S.3357334744","0"
"Match.3357411448","Ggp_Remote_Agent","Peg_S.3357334744","0"
"Match.3357416409","Aidriven.Learner","Pancakes_S.3357334777","0"
"Match.3357416478","Jigsawbot","Pancakes_S.3357334789","0"
"Match.3357416550","The","Pancakes_S.3357334777","0"
"Match.3357416655","Entropy","Peg_S.3357334744","0"
"R1.Cluneplayervsfluxplayer_Chickentictactoe_S.3357418497.3357419637","Cluneplayer;Fluxplayer","Chickentictactoe_S.3357418497","0;100"
"R1.Ogrevspires5600_Chickentictactoe_S.3357418497.3357419637","Ogre;Pires5600","Chickentictactoe_S.3357418497","100;0"
"R1.Nnrg.Hazelvsluckylemming_Chickentictactoe_S.3357418497.3357419637","Nnrg.Hazel;Luckylemming","Chickentictactoe_S.3357418497","100;0"
"R1.Thevsaidriven.Learner_Chickentictactoe_S.3357418497.3357419637","The;Aidriven.Learner","Chickentictactoe_S.3357418497","0;0"
"R1.Cluneplayervspires5600_Chickentictactoe_S.3357418559.3357419637","Cluneplayer;Pires5600","Chickentictactoe_S.3357418559","100;0"
"R1.Ogrevsluckylemming_Chickentictactoe_S.3357418559.3357419637","Ogre;Luckylemming","Chickentictactoe_S.3357418559","0;100"
"R1.Nnrg.Hazelvsfluxplayer_Chickentictactoe_S.3357418559.3357419637","Nnrg.Hazel;Fluxplayer","Chickentictactoe_S.3357418559","0;100"
"R1.Apple-Rtvsentropy_Chickentictactoe_S.3357418559.3357419637","Apple-Rt;Entropy","Chickentictactoe_S.3357418559","0;0"
"R1.Cluneplayervsluckylemming_Nim_S.3357418060.3357419637","Cluneplayer;Luckylemming","Nim_S.3357418060","0;100"
"R1.Ogrevsnnrg.Hazel_Nim_S.3357418060.3357419637","Ogre;Nnrg.Hazel","Nim_S.3357418060","0;100"
"R1.Fluxplayervspires5600_Nim_S.3357418060.3357419637","Fluxplayer;Pires5600","Nim_S.3357418060","0;100"
"R1.Apple-Rtvsthe_Nim_S.3357418060.3357419637","Apple-Rt;The","Nim_S.3357418060","0;0"
"R1.Pires5600vsaidriven.Learner_Endgame_S.3357418328.3357419638","Pires5600;Aidriven.Learner","Endgame_S.3357418328","0;0"
"R1.Ogrevsthe_Endgame_S.3357418328.3357419638","Ogre;The","Endgame_S.3357418328","0;0"
"R1.Cluneplayervsapple-Rt_Endgame_S.3357418328.3357419638","Cluneplayer;Apple-Rt","Endgame_S.3357418328","0;0"
"R1.Nnrg.Hazelvsentropy_Endgame_S.3357418328.3357419638","Nnrg.Hazel;Entropy","Endgame_S.3357418328","0;0"
"R1.Aidriven.Learnervsogre_Nothello_S.3357334851.3357419638","Aidriven.Learner;Ogre","Nothello_S.3357334851","0;50"
"R1.Thevsfluxplayer_Nothello_S.3357334851.3357419638","The;Fluxplayer","Nothello_S.3357334851","0;100"
"R1.Entropyvsluckylemming_Nothello_S.3357334851.3357419638","Entropy;Luckylemming","Nothello_S.3357334851","0;0"
"R1.Apple-Rtvsnnrg.Hazel_Nothello_S.3357334851.3357419638","Apple-Rt;Nnrg.Hazel","Nothello_S.3357334851","0;0"
"R1.Aidriven.Learnervsfluxplayer_Racetrack_S.3357334838.3357419638","Aidriven.Learner;Fluxplayer","Racetrack_S.3357334838","0;100"
"R1.Thevspires5600_Racetrack_S.3357334838.3357419638","The;Pires5600","Racetrack_S.3357334838","0;100"
"R1.Entropyvscluneplayer_Racetrack_S.3357334838.3357419638","Entropy;Cluneplayer","Racetrack_S.3357334838","0;100"
"R1.Apple-Rtvsluckylemming_Racetrack_S.3357334838.3357419638","Apple-Rt;Luckylemming","Racetrack_S.3357334838","100;0"
"R1.Aidriven.Learnervsnnrg.Hazel_Racetrack_S.3357334841.3357419638","Aidriven.Learner;Nnrg.Hazel","Racetrack_S.3357334841","0;10"
"R1.Thevscluneplayer_Racetrack_S.3357334841.3357419638","The;Cluneplayer","Racetrack_S.3357334841","0;100"
"R1.Entropyvsogre_Racetrack_S.3357334841.3357419639","Entropy;Ogre","Racetrack_S.3357334841","0;100"
"R1.Apple-Rtvspires5600_Racetrack_S.3357334841.3357419639","Apple-Rt;Pires5600","Racetrack_S.3357334841","10;100"
"R1.Apple-Rt_Vs_Entropy_Chickentictactoe_S.3357418497.3357419637","Apple-Rt;Entropy","Chickentictactoe_S.3357418497","0;0"
"R1.Legal_Vs_Ggp_Remote_Agent_Chickentictactoe_S.3357418497.3357419637","Legal;Ggp_Remote_Agent","Chickentictactoe_S.3357418497","0;0"
"R1.The_Vs_Aidriven.Learner_Chickentictactoe_S.3357418559.3357419637","The;Legal","Chickentictactoe_S.3357418559","0;0"
"R1.Ggp_Remote_Agent_Vs_Legal_Chickentictactoe_S.3357418559.3357419637","Ggp_Remote_Agent;Legal","Chickentictactoe_S.3357418559","0;0"
"R1.The_Vs_Aidriven.Learner_Nim_S.3357418060.3357419637","Aidriven.Learner;Entropy","Nim_S.3357418060","0;0"
"R1.Ggp_Remote_Agent_Vs_Legal_Nim_S.3357418060.3357419637","Ggp_Remote_Agent;Legal","Nim_S.3357418060","0;0"
"R1.Luckylemmings_Vs_Fluxplayer_Endgame_S.3357418328.3357419637","Fluxplayer;Luckylemming","Endgame_S.3357418328","0;100"
"R1.Ggp_Remote_Agent_Vs_Legal_Endgame_S.3357418328.3357419637","Ggp_Remote_Agent;Legal","Endgame_S.3357418328","0;0"
"R1.Cluneplayer_Vs_Pires5600_Nothello_S.3357334851.3357419637","Cluneplayer;Pires5600","Nothello_S.3357334851","0;100"
"R1.Ggp_Remote_Agent_Vs_Legal_Nothello_S.3357334851.3357419637","Ggp_Remote_Agent;Legal","Nothello_S.3357334851","0;0"
"R1.Ogre_Vs_Nnrg.Hazel_Racetrack_S.3357334838.3357419637","Ogre;Nnrg.Hazel","Racetrack_S.3357334838","0;0"
"R1.Ggp_Remote_Agent_Vs_Legal_Racetrack_S.3357334838.3357419637","Ggp_Remote_Agent;Legal","Racetrack_S.3357334838","0;0"
"R1.Fluxplayer_Vs_Luckylemmings_Racetrack_S.3357334841.3357419637","Fluxplayer;Luckylemming","Racetrack_S.3357334841","0;0"
"R1.Ggp_Remote_Agent_Vs_Legal_Racetrack_S.3357334841.3357419637","Ggp_Remote_Agent;Legal","Racetrack_S.3357334841","0;0"
"R1.Cluneplayer.Chinesecheckers6_S.3357493185.3357495261","Cluneplayer;Fluxplayer;Luckylemming;Pires5600;Ogre;Nnrg.Hazel","Chinesecheckers6_S.3357493185","0;50;50;25;25;0"
"R1.Apple-Rt.Chinesecheckers6_S.3357493185.3357495261","Apple-Rt;Entropy;The;Aidriven.Learner;Ggp_Remote_Agent;Legal","Chinesecheckers6_S.3357493185","0;0;0;0;0;0"
"R1.Cluneplayer.Chinesecheckers4_S.3357493268.3357495261","Cluneplayer;Luckylemming;Ogre;Apple-Rt","Chinesecheckers4_S.3357493268","100;75;50;0"
"R1.Fluxplayer.Chinesecheckers4_S.3357493268.3357495261","Fluxplayer;Pires5600;Nnrg.Hazel;Entropy","Chinesecheckers4_S.3357493268","100;25;25;0"
"R1.The.Chinesecheckers4_S.3357493268.3357495261","The;Aidriven.Learner;Ggp_Remote_Agent;Legal","Chinesecheckers4_S.3357493268","0;0;0;0"
"R1.Cluneplayer.Chinesecheckers4_S.3357493306.3357495261","Cluneplayer;The;Pires5600;Aidriven.Learner","Chinesecheckers4_S.3357493306","100;0;50;0"
"R1.Fluxplayer.Chinesecheckers4_S.3357493306.3357495261","Fluxplayer;Ggp_Remote_Agent;Ogre;Legal","Chinesecheckers4_S.3357493306","100;0;75;0"
"R1.Luckylemming.Chinesecheckers4_S.3357493306.3357495261","Luckylemming;Nnrg.Hazel;Entropy;Apple-Rt","Chinesecheckers4_S.3357493306","50;75;0;0"
"R1.Cluneplayer.Farmers_S.3357493442.3357495261","Cluneplayer;Fluxplayer;Aidriven.Learner","Farmers_S.3357493442","100;0;0"
"R1.Luckylemming.Farmers_S.3357493442.3357495261","Luckylemming;Pires5600;The","Farmers_S.3357493442","0;100;0"
"R1.Ogre.Farmers_S.3357493442.3357495261","Ogre;Nnrg.Hazel;Apple-Rt","Farmers_S.3357493442","100;0;0"
"R1.Ggp_Remote_Agent.Farmers_S.3357493442.3357495261","Ggp_Remote_Agent;Entropy;Legal","Farmers_S.3357493442","0;0;0"
"R1.Cluneplayer.Crisscross_S.3357493490.3357495261","Cluneplayer;Nnrg.Hazel","Crisscross_S.3357493490","25;100"
"R1.Fluxplayer.Crisscross_S.3357493490.3357495262","Fluxplayer;Luckylemming","Crisscross_S.3357493490","25;100"
"R1.Pires5600.Crisscross_S.3357493490.3357495262","Pires5600;Ogre","Crisscross_S.3357493490","100;25"
"R1.Apple-Rt.Crisscross_S.3357493490.3357495262","Apple-Rt;Entropy","Crisscross_S.3357493490","0;0"
"R1.The.Crisscross_S.3357493490.3357495262","The;Aidriven.Learner","Crisscross_S.3357493490","0;0"
"R1.Ggp_Remote_Agent.Crisscross_S.3357493490.3357495262","Ggp_Remote_Agent;Legal","Crisscross_S.3357493490","0;0"
"R2.Cluneplayer.Fairfield_S.3359145873.3359146584","Cluneplayer;Ogre","Fairfield_S.3359145873","100;50"
"R2.Fluxplayer.Fairfield_S.3359145873.3359146584","Fluxplayer;Luckylemming","Fairfield_S.3359145873","0;0"
"R2.Pires5600.Fairfield_S.3359145873.3359146584","Pires5600;Nnrg.Hazel","Fairfield_S.3359145873","100;10"
"R2.Apple-Rt.Fairfield_S.3359145873.3359146584","Apple-Rt;Ggp_Remote_Agent","Fairfield_S.3359145873","0;0"
"R2.Entropy.Fairfield_S.3359145873.3359146584","The;Legal","Fairfield_S.3359145873","10;100"
"R2.Cluneplayer.Patapsco_S.3359145867.3359146584","Cluneplayer;Apple-Rt","Patapsco_S.3359145867","100;10"
"R2.Pires5600.Patapsco_S.3359145867.3359146584","Pires5600;The","Patapsco_S.3359145867","0;0"
"R2.Fluxplayer.Patapsco_S.3359145867.3359146584","Fluxplayer;Ggp_Remote_Agent","Patapsco_S.3359145867","50;0"
"R2.Nnrg.Hazel.Patapsco_S.3359145867.3359146584","Nnrg.Hazel;Entropy","Patapsco_S.3359145867","0;0"
"R2.Ogre.Patapsco_S.3359145867.3359146584","Ogre;Luckylemming","Patapsco_S.3359145867","10;100"
"R2.Cluneplayer.Stringer_S.3359145972.3359146584","Cluneplayer;Fluxplayer","Stringer_S.3359145972","50;100"
"R2.Luckylemming.Stringer_S.3359145972.3359146584","Luckylemming;Pires5600","Stringer_S.3359145972","50;100"
"R2.Ogre.Stringer_S.3359145972.3359146584","Ogre;Nnrg.Hazel","Stringer_S.3359145972","100;25"
"R2.Apple-Rt.Stringer_S.3359145972.3359146584","Apple-Rt;Legal","Stringer_S.3359145972","0;50"
"R2.The.Stringer_S.3359145972.3359146584","The;Ggp_Remote_Agent","Stringer_S.3359145972","25;0"
"R2.Cluneplayer.Avon_S.3359145990.3359146584","Cluneplayer;Luckylemming","Avon_S.3359145990","100;50"
"R2.Fluxplayer.Avon_S.3359145990.3359146584","Fluxplayer;Nnrg.Hazel","Avon_S.3359145990","50;50"
"R2.Pires5600.Avon_S.3359145990.3359146584","Pires5600;Ogre","Avon_S.3359145990","100;50"
"R2.Entropy.Avon_S.3359145990.3359146584","Entropy;Ggp_Remote_Agent","Avon_S.3359145990","0;0"
"R2.Apple-Rt.Avon_S.3359145990.3359146584","Apple-Rt;The","Avon_S.3359145990","100;0"
"R2.Cluneplayer.Mcnulty_S.3359146044.3359146584","Cluneplayer;Pires5600","Mcnulty_S.3359146044","50;50"
"R2.Fluxplayer.Mcnulty_S.3359146044.3359146584","Fluxplayer;Ogre","Mcnulty_S.3359146044","50;50"
"R2.Nnrg.Hazel.Mcnulty_S.3359146044.3359146584","Nnrg.Hazel;Luckylemming","Mcnulty_S.3359146044","50;50"
"R2.Entropy.Mcnulty_S.3359146044.3359146584","Entropy;The","Mcnulty_S.3359146044","0;50"
"R2.Apple-Rt.Mcnulty_S.3359146044.3359146584","Apple-Rt;Ggp_Remote_Agent","Mcnulty_S.3359146044","50;0"
"R2.Cluneplayer.Bunk_S.3359146085.3359146584","Cluneplayer;Entropy","Bunk_S.3359146085","100;0"
"R2.Pires5600.Bunk_S.3359146085.3359146585","Pires5600;Apple-Rt","Bunk_S.3359146085","100;0"
"R2.Fluxplayer.Bunk_S.3359146085.3359146585","Fluxplayer;The","Bunk_S.3359146085","100;0"
"R2.Nnrg.Hazel.Bunk_S.3359146085.3359146585","Nnrg.Hazel;Ggp_Remote_Agent","Bunk_S.3359146085","100;0"
"R2.Ogre.Bunk_S.3359146085.3359146585","Ogre;Luckylemming","Bunk_S.3359146085","50;50"
"R2.Cluneplayer.Niko_S.3359145578.3359146585","Cluneplayer","Niko_S.3359145578","80"
"R2.Fluxplayer.Niko_S.3359145578.3359146585","Fluxplayer","Niko_S.3359145578","70"
"R2.Luckylemming.Niko_S.3359145578.3359146585","Luckylemming","Niko_S.3359145578","80"
"R2.Pires5600.Niko_S.3359145578.3359146585","Pires5600","Niko_S.3359145578","15"
"R2.Ogre.Niko_S.3359145578.3359146585","Ogre","Niko_S.3359145578","15"
"R2.Nnrg.Hazel.Niko_S.3359145578.3359146585","Nnrg.Hazel","Niko_S.3359145578","60"
"R2.Apple-Rt.Niko_S.3359145578.3359146585","Apple-Rt","Niko_S.3359145578","90"
"R2.The.Niko_S.3359145578.3359146585","The","Niko_S.3359145578","15"
"R2.Ggp_Remote_Agent.Niko_S.3359145578.3359146585","Ggp_Remote_Agent","Niko_S.3359145578","0"
"R2.Entropy.Niko_S.3359145578.3359146585","Entropy","Niko_S.3359145578","0"
"R2.Cluneplayer.Ziggy_S.3359145644.3359146585","Cluneplayer","Ziggy_S.3359145644","90"
"R2.Fluxplayer.Ziggy_S.3359145644.3359146585","Fluxplayer","Ziggy_S.3359145644","80"
"R2.Luckylemming.Ziggy_S.3359145644.3359146585","Luckylemming","Ziggy_S.3359145644","70"
"R2.Pires5600.Ziggy_S.3359145644.3359146585","Pires5600","Ziggy_S.3359145644","70"
"R2.Ogre.Ziggy_S.3359145644.3359146585","Ogre","Ziggy_S.3359145644","60"
"R2.Nnrg.Hazel.Ziggy_S.3359145644.3359146585","Nnrg.Hazel","Ziggy_S.3359145644","70"
"R2.Apple-Rt.Ziggy_S.3359145644.3359146585","Apple-Rt","Ziggy_S.3359145644","70"
"R2.The.Ziggy_S.3359145644.3359146585","The","Ziggy_S.3359145644","0"
"R2.Entropy.Ziggy_S.3359145644.3359146585","Entropy","Ziggy_S.3359145644","0"
"R2.Pumaman800.Ziggy_S.3359145644.3359146585","Pumaman800","Ziggy_S.3359145644","40"
"R2.Cluneplayer.Sobotka_S.3359145294.3359146585","Cluneplayer","Sobotka_S.3359145294","65"
"R2.Fluxplayer.Sobotka_S.3359145294.3359146585","Fluxplayer","Sobotka_S.3359145294","65"
"R2.Luckylemming.Sobotka_S.3359145294.3359146585","Luckylemming","Sobotka_S.3359145294","65"
"R2.Pires5600.Sobotka_S.3359145294.3359146585","Pires5600","Sobotka_S.3359145294","65"
"R2.Ogre.Sobotka_S.3359145294.3359146585","Ogre","Sobotka_S.3359145294","0"
"R2.Nnrg.Hazel.Sobotka_S.3359145294.3359146585","Nnrg.Hazel","Sobotka_S.3359145294","65"
"R2.Apple-Rt.Sobotka_S.3359145294.3359146585","Apple-Rt","Sobotka_S.3359145294","75"
"R2.The.Sobotka_S.3359145294.3359146585","The","Sobotka_S.3359145294","0"
"R2.Ggp_Remote_Agent.Sobotka_S.3359145294.3359146585","Ggp_Remote_Agent","Sobotka_S.3359145294","0"
"R2.Entropy.Sobotka_S.3359145294.3359146585","Entropy","Sobotka_S.3359145294","0"
"R2.Pumaman800.Sobotka_S.3359145294.3359146586","Pumaman800","Sobotka_S.3359145294","65"
"R2.Cluneplayer.Valchek_S.3359145512.3359146586","Cluneplayer","Valchek_S.3359145512","70"
"R2.Fluxplayer.Valchek_S.3359145512.3359146586","Fluxplayer","Valchek_S.3359145512","65"
"R2.Luckylemming.Valchek_S.3359145512.3359146586","Luckylemming","Valchek_S.3359145512","65"
"R2.Pires5600.Valchek_S.3359145512.3359146586","Pires5600","Valchek_S.3359145512","65"
"R2.Ogre.Valchek_S.3359145512.3359146586","Ogre","Valchek_S.3359145512","65"
"R2.Nnrg.Hazel.Valchek_S.3359145512.3359146586","Nnrg.Hazel","Valchek_S.3359145512","65"
"R2.Apple-Rt.Valchek_S.3359145512.3359146586","Apple-Rt","Valchek_S.3359145512","75"
"R2.The.Valchek_S.3359145512.3359146586","The","Valchek_S.3359145512","0"
"R2.Ggp_Remote_Agent.Valchek_S.3359145512.3359146586","Ggp_Remote_Agent","Valchek_S.3359145512","0"
"R2.Pumaman800.Valchek_S.3359145512.3359146586","Pumaman800","Valchek_S.3359145512","65"
"R2.Cluneplayer.Spiros_S.3359145732.3359146586","Cluneplayer","Spiros_S.3359145732","90"
"R2.Fluxplayer.Spiros_S.3359145732.3359146586","Fluxplayer","Spiros_S.3359145732","80"
"R2.Luckylemming.Spiros_S.3359145732.3359146586","Luckylemming","Spiros_S.3359145732","0"
"R2.Pires5600.Spiros_S.3359145732.3359146586","Pires5600","Spiros_S.3359145732","0"
"R2.Ogre.Spiros_S.3359145732.3359146586","Ogre","Spiros_S.3359145732","0"
"R2.Nnrg.Hazel.Spiros_S.3359145732.3359146586","Nnrg.Hazel","Spiros_S.3359145732","0"
"R2.Apple-Rt.Spiros_S.3359145732.3359146586","Apple-Rt","Spiros_S.3359145732","0"
"R2.The.Spiros_S.3359145732.3359146586","The","Spiros_S.3359145732","0"
"R2.Ggp_Remote_Agent.Spiros_S.3359145732.3359146586","Ggp_Remote_Agent","Spiros_S.3359145732","0"
"R2.Entropy.Spiros_S.3359145732.3359146586","Entropy","Spiros_S.3359145732","0"
"R2.Cluneplayer.Sergei_S.3359145771.3359146586","Cluneplayer","Sergei_S.3359145771","50"
"R2.Fluxplayer.Sergei_S.3359145771.3359146586","Fluxplayer","Sergei_S.3359145771","90"
"R2.Luckylemming.Sergei_S.3359145771.3359146586","Luckylemming","Sergei_S.3359145771","40"
"R2.Pires5600.Sergei_S.3359145771.3359146586","Pires5600","Sergei_S.3359145771","80"
"R2.Ogre.Sergei_S.3359145771.3359146586","Ogre","Sergei_S.3359145771","0"
"R2.Nnrg.Hazel.Sergei_S.3359145771.3359146586","Nnrg.Hazel","Sergei_S.3359145771","0"
"R2.Apple-Rt.Sergei_S.3359145771.3359146586","Apple-Rt","Sergei_S.3359145771","0"
"R2.The.Sergei_S.3359145771.3359146586","The","Sergei_S.3359145771","0"
"R2.Ggp_Remote_Agent.Sergei_S.3359145771.3359146586","Ggp_Remote_Agent","Sergei_S.3359145771","0"
"R2.Entropy.Sergei_S.3359145771.3359146586","Entropy","Sergei_S.3359145771","0"
"R2.Pumaman800.Sergei_S.3359145771.3359146586","Pumaman800","Sergei_S.3359145771","0"
"R2.Ggp_Remote_Agent.Ziggy_S.3359145644.3359146588","Ggp_Remote_Agent","Ziggy_S.3359145644","0"
"R2.Entropy.Carver_S.3359288708.3359289498","Entropy;Cluneplayer","Carver_S.3359288708","0;0"
"R2.The.Carver_S.3359288708.3359289498","The;Pires5600","Carver_S.3359288708","100;0"
"R2.Luckylemming.Carver_S.3359288708.3359289498","Luckylemming;Ggp_Remote_Agent","Carver_S.3359288708","100;0"
"R2.Nnrg.Hazel.Carver_S.3359288708.3359289498","Nnrg.Hazel;Apple-Rt","Carver_S.3359288708","100;0"
"R2.Ogre.Carver_S.3359288708.3359289498","Ogre;Fluxplayer","Carver_S.3359288708","100;0"
"R2.Fluxplayer.Bodie_S.3359288834.3359289498","Fluxplayer;Cluneplayer","Bodie_S.3359288834","25;0"
"R2.Pires5600.Bodie_S.3359288834.3359289498","Pires5600;Luckylemming","Bodie_S.3359288834","50;50"
"R2.Nnrg.Hazel.Bodie_S.3359288834.3359289498","Nnrg.Hazel;Apple-Rt","Bodie_S.3359288834","75;0"
"R2.Ogre.Bodie_S.3359288834.3359289498","Ogre;Ggp_Remote_Agent","Bodie_S.3359288834","25;0"
"R2.Entropy.Bodie_S.3359288834.3359289498","Entropy;The","Bodie_S.3359288834","0;25"
"R2.Cluneplayer.Bird_S.3359288923.3359289498","Cluneplayer;Pires5600","Bird_S.3359288923","25;50"
"R2.Fluxplayer.Bird_S.3359288923.3359289498","Fluxplayer;The","Bird_S.3359288923","25;75"
"R2.Luckylemming.Bird_S.3359288923.3359289498","Luckylemming;Nnrg.Hazel","Bird_S.3359288923","50;50"
"R2.Apple-Rt.Bird_S.3359288923.3359289498","Apple-Rt;Ogre","Bird_S.3359288923","0;50"
"R2.Ggp_Remote_Agent.Bird_S.3359288923.3359289498","Ggp_Remote_Agent;Entropy","Bird_S.3359288923","0;0"
"R2.Nnrg.Hazel.Propjoe_S.3359289175.3359289498","Nnrg.Hazel;Apple-Rt;Pumaman800;Cluneplayer","Propjoe_S.3359289175","0;0;0;0"
"R2.Ggp_Remote_Agent.Propjoe_S.3359289175.3359289498","Ggp_Remote_Agent;The;Luckylemming;Entropy","Propjoe_S.3359289175","0;0;0;0"
"R2.Fluxplayer.Propjoe_S.3359289175.3359289499","Fluxplayer;Pires5600;Pumaman500;Ogre","Propjoe_S.3359289175","0;0;0;0"
"R2.Entropy.Muzone_S.3359289251.3359289499","Entropy;Pumaman800;Apple-Rt;Ggp_Remote_Agent","Muzone_S.3359289251","0;0;0;0"
"R2.Ogre.Muzone_S.3359289251.3359289499","Ogre;Luckylemming;Pires5600;Nnrg.Hazel","Muzone_S.3359289251","0;100;100;0"
"R2.Cluneplayer.Muzone_S.3359289251.3359289499","Cluneplayer;The;Legal;Fluxplayer","Muzone_S.3359289251","0;100;100;0"
"R2.Cluneplayer.Locust_S.3359299013.3359299753","Cluneplayer;Ogre","Locust_S.3359299013","0;100"
"R2.Luckylemming.Locust_S.3359299013.3359299753","Luckylemming;Fluxplayer","Locust_S.3359299013","0;100"
"R2.Pires5600.Locust_S.3359299013.3359299753","Pires5600;Apple-Rt","Locust_S.3359299013","50;0"
"R2.Ggp_Remote_Agent.Locust_S.3359299013.3359299753","Ggp_Remote_Agent;Nnrg.Hazel","Locust_S.3359299013","0;100"
"R2.Entropy.Locust_S.3359299013.3359299753","Entropy;The","Locust_S.3359299013","0;50"
"R2.Apple-Rt.Locust_S.3359299013.3359299753","Apple-Rt;Cluneplayer","Locust_S.3359299013","0;100"
"R2.The.Locust_S.3359299013.3359299754","The;Pires5600","Locust_S.3359299013","50;50"
"R2.Fluxplayer.Locust_S.3359299013.3359299754","Fluxplayer;Ggp_Remote_Agent","Locust_S.3359299013","100;0"
"R2.Nnrg.Hazel.Locust_S.3359299013.3359299754","Nnrg.Hazel;Entropy","Locust_S.3359299013","50;0"
"R2.Ogre.Locust_S.3359299013.3359299754","Ogre;Luckylemming","Locust_S.3359299013","100;0"
"R2.Cluneplayer.Pit221_S.3359299094.3359299754","Cluneplayer;Fluxplayer","Pit221_S.3359299094","0;100"
"R2.Luckylemming.Pit221_S.3359299094.3359299754","Luckylemming;Pires5600","Pit221_S.3359299094","50;50"
"R2.Ogre.Pit221_S.3359299094.3359299755","Ogre;Nnrg.Hazel","Pit221_S.3359299094","100;0"
"R2.Apple-Rt.Pit221_S.3359299094.3359299755","Apple-Rt;Entropy","Pit221_S.3359299094","0;0"
"R2.The.Pit221_S.3359299094.3359299755","The;Ggp_Remote_Agent","Pit221_S.3359299094","50;0"
"R2.Luckylemming.Pit221_S.3359299094.3359299755","Luckylemming;Cluneplayer","Pit221_S.3359299094","0;100"
"R2.Nnrg.Hazel.Pit221_S.3359299094.3359299755","Nnrg.Hazel;The","Pit221_S.3359299094","50;50"
"R2.Pires5600.Pit221_S.3359299094.3359299755","Pires5600;Ogre","Pit221_S.3359299094","100;0"
"R2.Entropy.Pit221_S.3359299094.3359299756","Entropy;Ggp_Remote_Agent","Pit221_S.3359299094","0;0"
"R2.Fluxplayer.Pit221_S.3359299094.3359299756","Fluxplayer;Apple-Rt","Pit221_S.3359299094","100;0"
"R2.Fluxplayer.Brazil.3361208788.3361210846","Fluxplayer;Cluneplayer","Brazil.3361208788","0;100"
"R2.Luckylemming.Brazil.3361208788.3361210846","Luckylemming;Pires5600","Brazil.3361208788","0;100"
"R2.Nnrg.Hazel.Brazil.3361208788.3361210846","Nnrg.Hazel;Ogre","Brazil.3361208788","100;0"
"R2.The.Brazil.3361208788.3361210846","The;Apple-Rt","Brazil.3361208788","0;0"
"R2.Ggp_Remote_Agent.Brazil.3361208788.3361210846","Ggp_Remote_Agent;Entropy","Brazil.3361208788","0;0"
"R2.Entropy.Brazil.3361208788.3361210846","Entropy;Ggp_Remote_Agent","Brazil.3361208788","0;0"
"R2.Cluneplayer.Argentina.3361209022.3361210846","Cluneplayer;Apple-Rt","Argentina.3361209022","100;0"
"R2.Apple-Rt.Argentina.3361209022.3361210846","Apple-Rt;Cluneplayer","Argentina.3361209022","0;100"
"R2.Luckylemming.Argentina.3361209022.3361210846","Luckylemming;Fluxplayer","Argentina.3361209022","0;100"
"R2.Fluxplayer.Argentina.3361209022.3361210846","Fluxplayer;Luckylemming","Argentina.3361209022","100;0"
"R2.Pires5600.Argentina.3361209022.3361210846","Pires5600;Ogre","Argentina.3361209022","0;100"
"R2.Ogre.Argentina.3361209022.3361210847","Ogre;Pires5600","Argentina.3361209022","0;100"
"R2.Nnrg.Hazel.Argentina.3361209022.3361210847","Nnrg.Hazel;The","Argentina.3361209022","100;0"
"R2.The.Argentina.3361209022.3361210847","The;Nnrg.Hazel","Argentina.3361209022","0;100"
"R2.Ggp_Remote_Agent.Argentina.3361209022.3361210847","Ggp_Remote_Agent;Entropy","Argentina.3361209022","0;0"
"R2.Entropy.Argentina.3361209022.3361210847","Entropy;Ggp_Remote_Agent","Argentina.3361209022","0;0"
"R2.Cluneplayer.France.3361209275.3361210847","Cluneplayer;Pires5600","France.3361209275","100;0"
"R2.Pires5600.France.3361209275.3361210847","Pires5600;Cluneplayer","France.3361209275","50;50"
"R2.Luckylemming.France.3361209275.3361210847","Luckylemming;Nnrg.Hazel","France.3361209275","0;100"
"R2.Nnrg.Hazel.France.3361209275.3361210847","Nnrg.Hazel;Luckylemming","France.3361209275","50;50"
"R2.Fluxplayer.France.3361209275.3361210847","Fluxplayer;The","France.3361209275","100;0"
"R2.The.France.3361209275.3361210847","The;Fluxplayer","France.3361209275","0;100"
"R2.Apple-Rt.France.3361209275.3361210847","Apple-Rt;Ogre","France.3361209275","0;100"
"R2.Ogre.France.3361209275.3361210847","Ogre;Apple-Rt","France.3361209275","100;0"
"R2.Ggp_Remote_Agent.France.3361209275.3361210847","Ggp_Remote_Agent;Entropy","France.3361209275","0;0"
"R2.Entropy.France.3361209275.3361210847","Entropy;Ggp_Remote_Agent","France.3361209275","0;0"
"R2.Cluneplayer.Portugal.3361209339.3361210847","Cluneplayer;Pires5600","Portugal.3361209339","0;100"
"R2.Pires5600.Portugal.3361209339.3361210847","Pires5600;Cluneplayer","Portugal.3361209339","100;0"
"R2.Luckylemming.Portugal.3361209339.3361210847","Luckylemming;Nnrg.Hazel","Portugal.3361209339","0;100"
"R2.Nnrg.Hazel.Portugal.3361209339.3361210847","Nnrg.Hazel;Luckylemming","Portugal.3361209339","100;0"
"R2.Fluxplayer.Portugal.3361209339.3361210847","Fluxplayer;The","Portugal.3361209339","100;0"
"R2.The.Portugal.3361209339.3361210847","The;Fluxplayer","Portugal.3361209339","0;100"
"R2.Apple-Rt.Portugal.3361209339.3361210847","Apple-Rt;Ogre","Portugal.3361209339","0;100"
"R2.Ogre.Portugal.3361209339.3361210847","Ogre;Apple-Rt","Portugal.3361209339","100;0"
"R2.Ggp_Remote_Agent.Portugal.3361209339.3361210847","Ggp_Remote_Agent;Entropy","Portugal.3361209339","0;0"
"R2.Entropy.Portugal.3361209339.3361210847","Entropy;Ggp_Remote_Agent","Portugal.3361209339","0;0"
"R2.Cluneplayer.Italy.3361209402.3361210847","Cluneplayer;Luckylemming","Italy.3361209402","0;0"
"R2.Luckylemming.Italy.3361209402.3361210847","Luckylemming;Cluneplayer","Italy.3361209402","0;100"
"R2.Nnrg.Hazel.Italy.3361209402.3361210847","Nnrg.Hazel;Pires5600","Italy.3361209402","0;100"
"R2.Pires5600.Italy.3361209402.3361210847","Pires5600;Nnrg.Hazel","Italy.3361209402","100;0"
"R2.Ogre.Italy.3361209402.3361210847","Ogre;The","Italy.3361209402","100;0"
"R2.The.Italy.3361209402.3361210848","The;Ogre","Italy.3361209402","0;100"
"R2.Apple-Rt.Italy.3361209402.3361210848","Apple-Rt;Fluxplayer","Italy.3361209402","0;0"
"R2.Fluxplayer.Italy.3361209402.3361210848","Fluxplayer;Apple-Rt","Italy.3361209402","100;0"
"R2.Ggp_Remote_Agent.Italy.3361209402.3361210848","Ggp_Remote_Agent;Entropy","Italy.3361209402","0;0"
"R2.Entropy.Italy.3361209402.3361210848","Entropy;Ggp_Remote_Agent","Italy.3361209402","0;0"
"R2.Cluneplayer.Germany.3361209469.3361210848","Cluneplayer;Luckylemming","Germany.3361209469","0;50"
"R2.Luckylemming.Germany.3361209469.3361210848","Luckylemming;Cluneplayer","Germany.3361209469","0;100"
"R2.Nnrg.Hazel.Germany.3361209469.3361210848","Nnrg.Hazel;Pires5600","Germany.3361209469","0;100"
"R2.Pires5600.Germany.3361209469.3361210848","Pires5600;Nnrg.Hazel","Germany.3361209469","100;0"
"R2.Ogre.Germany.3361209469.3361210848","Ogre;The","Germany.3361209469","100;0"
"R2.The.Germany.3361209469.3361210848","The;Ogre","Germany.3361209469","0;100"
"R2.Apple-Rt.Germany.3361209469.3361210848","Apple-Rt;Fluxplayer","Germany.3361209469","0;100"
"R2.Fluxplayer.Germany.3361209469.3361210848","Fluxplayer;Apple-Rt","Germany.3361209469","100;0"
"R2.Ggp_Remote_Agent.Germany.3361209469.3361210848","Ggp_Remote_Agent;Entropy","Germany.3361209469","0;0"
"R2.Entropy.Germany.3361209469.3361210848","Entropy;Ggp_Remote_Agent","Germany.3361209469","0;0"
"R2.Cluneplayer.Brazil.3361208788.3361280317","Cluneplayer;Fluxplayer","Brazil.3361208788","50;50"
"R2.Pires5600.Brazil.3361208788.3361280317","Pires5600;Luckylemming","Brazil.3361208788","100;0"
"R2.Ogre.Brazil.3361208788.3361280317","Ogre;Nnrg.Hazel","Brazil.3361208788","0;100"
"R2.Apple-Rt.Brazil.3361208788.3361280317","Apple-Rt;The","Brazil.3361208788","100;0"
"R2.Cluneplayer.Cotedivoire.3361209557.3361210869","Cluneplayer;The","Cotedivoire.3361209557","100;0"
"R2.The.Cotedivoire.3361209557.3361210870","The;Cluneplayer","Cotedivoire.3361209557","0;100"
"R2.Pires5600.Cotedivoire.3361209557.3361210870","Pires5600;Fluxplayer","Cotedivoire.3361209557","50;0"
"R2.Fluxplayer.Cotedivoire.3361209557.3361210870","Fluxplayer;Pires5600","Cotedivoire.3361209557","0;100"
"R2.Apple-Rt.Cotedivoire.3361209557.3361210870","Apple-Rt;Nnrg.Hazel","Cotedivoire.3361209557","0;0"
"R2.Nnrg.Hazel.Cotedivoire.3361209557.3361210870","Nnrg.Hazel;Apple-Rt","Cotedivoire.3361209557","0;0"
"R2.Ogre.Cotedivoire.3361209557.3361210870","Ogre;Luckylemming","Cotedivoire.3361209557","100;0"
"R2.Luckylemming.Cotedivoire.3361209557.3361210870","Luckylemming;Ogre","Cotedivoire.3361209557","50;50"
"R2.Ggp_Remote_Agent.Cotedivoire.3361209557.3361210870","Ggp_Remote_Agent;Entropy","Cotedivoire.3361209557","0;0"
"R2.Entropy.Cotedivoire.3361209557.3361210870","Entropy;Ggp_Remote_Agent","Cotedivoire.3361209557","0;0"
"R2.Cluneplayer.Ghana.3361209631.3361210870","Cluneplayer;The","Ghana.3361209631","100;0"
"R2.The.Ghana.3361209631.3361210870","The;Cluneplayer","Ghana.3361209631","0;50"
"R2.Pires5600.Ghana.3361209631.3361210870","Pires5600;Fluxplayer","Ghana.3361209631","50;50"
"R2.Fluxplayer.Ghana.3361209631.3361210870","Fluxplayer;Pires5600","Ghana.3361209631","50;50"
"R2.Apple-Rt.Ghana.3361209631.3361210870","Apple-Rt;Nnrg.Hazel","Ghana.3361209631","0;0"
"R2.Nnrg.Hazel.Ghana.3361209631.3361210870","Nnrg.Hazel;Apple-Rt","Ghana.3361209631","0;0"
"R2.Ogre.Ghana.3361209631.3361210870","Ogre;Luckylemming","Ghana.3361209631","0;100"
"R2.Luckylemming.Ghana.3361209631.3361210870","Luckylemming;Ogre","Ghana.3361209631","0;100"
"R2.Ggp_Remote_Agent.Ghana.3361209631.3361210870","Ggp_Remote_Agent;Entropy","Ghana.3361209631","0;0"
"R2.Entropy.Ghana.3361209631.3361210870","Entropy;Ggp_Remote_Agent","Ghana.3361209631","0;0"
"R2.Cluneplayer.Ronaldinho.3361209749.3361210870","Cluneplayer;Ogre","Ronaldinho.3361209749","100;0"
"R2.Ogre.Ronaldinho.3361209749.3361210871","Ogre;Cluneplayer","Ronaldinho.3361209749","0;100"
"R2.Nnrg.Hazel.Ronaldinho.3361209749.3361210871","Nnrg.Hazel;The","Ronaldinho.3361209749","0;0"
"R2.The.Ronaldinho.3361209749.3361210871","The;Nnrg.Hazel","Ronaldinho.3361209749","0;0"
"R2.Pires5600.Ronaldinho.3361209749.3361210871","Pires5600;Apple-Rt","Ronaldinho.3361209749","100;0"
"R2.Apple-Rt.Ronaldinho.3361209749.3361210871","Apple-Rt;Pires5600","Ronaldinho.3361209749","60;40"
"R2.Luckylemming.Ronaldinho.3361209749.3361210871","Luckylemming;Fluxplayer","Ronaldinho.3361209749","100;0"
"R2.Fluxplayer.Ronaldinho.3361209749.3361210871","Fluxplayer;Luckylemming","Ronaldinho.3361209749","0;100"
"R2.Ggp_Remote_Agent.Ronaldinho.3361209749.3361210871","Ggp_Remote_Agent;Entropy","Ronaldinho.3361209749","0;0"
"R2.Entropy.Ronaldinho.3361209749.3361210871","Entropy;Ggp_Remote_Agent","Ronaldinho.3361209749","0;0"
"R2.Nnrg.Hazel.Ronaldo.3361209825.3361210871","Nnrg.Hazel;Cluneplayer","Ronaldo.3361209825","0;100"
"R2.Cluneplayer.Ronaldo.3361209825.3361210871","Cluneplayer;Nnrg.Hazel","Ronaldo.3361209825","100;0"
"R2.Fluxplayer.Ronaldo.3361209825.3361210871","Fluxplayer;Ogre","Ronaldo.3361209825","100;0"
"R2.Ogre.Ronaldo.3361209825.3361210871","Ogre;Fluxplayer","Ronaldo.3361209825","0;100"
"R2.Pires5600.Ronaldo.3361209825.3361210871","Pires5600;The","Ronaldo.3361209825","45;55"
"R2.The.Ronaldo.3361209825.3361210871","The;Pires5600","Ronaldo.3361209825","45;55"
"R2.Apple-Rt.Ronaldo.3361209825.3361210871","Apple-Rt;Luckylemming","Ronaldo.3361209825","45;55"
"R2.Luckylemming.Ronaldo.3361209825.3361210871","Luckylemming;Apple-Rt","Ronaldo.3361209825","0;55"
"R2.Ggp_Remote_Agent.Ronaldo.3361209825.3361210871","Ggp_Remote_Agent;Entropy","Ronaldo.3361209825","0;0"
"R2.Entropy.Ronaldo.3361209825.3361210872","Entropy;Ggp_Remote_Agent","Ronaldo.3361209825","0;0"
"R2.The.Emerson.3361210163.3361210872","The;Ogre;Fluxplayer;Pires5600","Emerson.3361210163","0;0;100;0"
"R2.Apple-Rt.Emerson.3361210163.3361210872","Apple-Rt;Nnrg.Hazel;Cluneplayer;Luckylemming","Emerson.3361210163","0;0;100;0"
"R2.Entropy.Emerson.3361210163.3361210872","Entropy;Ggp_Remote_Agent;Legal;Random","Emerson.3361210163","100;0;100;0"
"R2.Pires5600.Fred.3361210216.3361210872","Pires5600;Cluneplayer;Nnrg.Hazel;The","Fred.3361210216","100;0;100;0"
"R2.Luckylemming.Fred.3361210216.3361210872","Luckylemming;Fluxplayer;Ogre;Apple-Rt","Fred.3361210216","100;0;100;0"
"R2.Camembert.Vine7.Fred.3361210216.3361210872","Ggp_Remote_Agent;Entropy;Legal;Random","Fred.3361210216","0;0;0;0"
"R3.Cluneplayer.Gibbon.3361535345.3361536111","Cluneplayer","Gibbon.3361535345","0"
"R3.Fluxplayer.Gibbon.3361535345.3361536111","Fluxplayer","Gibbon.3361535345","0"
"R3.Luckylemming.Gibbon.3361535345.3361536111","Luckylemming","Gibbon.3361535345","0"
"R3.Ogre.Gibbon.3361535345.3361536111","Ogre","Gibbon.3361535345","0"
"R3.Nnrg.Hazel.Gibbon.3361535345.3361536111","Nnrg.Hazel","Gibbon.3361535345","0"
"R3.Apple-Rt.Gibbon.3361535345.3361536111","Apple-Rt","Gibbon.3361535345","0"
"R3.The.Gibbon.3361535345.3361536111","The","Gibbon.3361535345","0"
"R3.Cluneplayer.Lemur.3361622143.3361622376","Cluneplayer","Lemur.3361622143","100"
"R3.Fluxplayer.Lemur.3361622143.3361622376","Fluxplayer","Lemur.3361622143","100"
"R3.Pires5600.Lemur.3361622143.3361622376","Pires5600","Lemur.3361622143","0"
"R3.Luckylemming.Lemur.3361622143.3361622376","Luckylemming","Lemur.3361622143","0"
"R3.Ogre.Lemur.3361622143.3361622376","Ogre","Lemur.3361622143","100"
"R3.Nnrg.Hazel.Lemur.3361622143.3361622376","Nnrg.Hazel","Lemur.3361622143","100"
"R3.Apple-Rt.Lemur.3361622143.3361622376","Apple-Rt","Lemur.3361622143","0"
"R3.The.Lemur.3361622143.3361622376","The","Lemur.3361622143","0"
"R3.Ggp_Remote_Agent.Lemur.3361622143.3361622376","Ggp_Remote_Agent","Lemur.3361622143","0"
"R3.Entropy.Lemur.3361622143.3361622376","Entropy","Lemur.3361622143","0"
"R3.Cluneplayer.Chimpanzee.3361621913.3361622376","Cluneplayer","Chimpanzee.3361621913","0"
"R3.Fluxplayer.Chimpanzee.3361621913.3361622376","Fluxplayer","Chimpanzee.3361621913","0"
"R3.Pires5600.Chimpanzee.3361621913.3361622376","Pires5600","Chimpanzee.3361621913","0"
"R3.Luckylemming.Chimpanzee.3361621913.3361622376","Luckylemming","Chimpanzee.3361621913","0"
"R3.Ogre.Chimpanzee.3361621913.3361622376","Ogre","Chimpanzee.3361621913","0"
"R3.Nnrg.Hazel.Chimpanzee.3361621913.3361622376","Nnrg.Hazel","Chimpanzee.3361621913","0"
"R3.Apple-Rt.Chimpanzee.3361621913.3361622376","Apple-Rt","Chimpanzee.3361621913","0"
"R3.The.Chimpanzee.3361621913.3361622376","The","Chimpanzee.3361621913","0"
"R3.Ggp_Remote_Agent.Chimpanzee.3361621913.3361622376","Ggp_Remote_Agent","Chimpanzee.3361621913","0"
"R3.Entropy.Chimpanzee.3361621913.3361622376","Entropy","Chimpanzee.3361621913","0"
"R3.Fluxplayer.Gorilla.3361629202.3361629509","Fluxplayer","Gorilla.3361629202","100"
"R3.Pires5600.Gorilla.3361629202.3361629509","Pires5600","Gorilla.3361629202","100"
"R3.Luckylemming.Gorilla.3361629202.3361629509","Luckylemming","Gorilla.3361629202","100"
"R3.Ogre.Gorilla.3361629202.3361629509","Ogre","Gorilla.3361629202","100"
"R3.Nnrg.Hazel.Gorilla.3361629202.3361629509","Nnrg.Hazel","Gorilla.3361629202","100"
"R3.Apple-Rt.Gorilla.3361629202.3361629509","Apple-Rt","Gorilla.3361629202","0"
"R3.The.Gorilla.3361629202.3361629509","The","Gorilla.3361629202","0"
"R3.Ggp_Remote_Agent.Gorilla.3361629202.3361629509","Ggp_Remote_Agent","Gorilla.3361629202","0"
"R3.Entropy.Gorilla.3361629202.3361629509","Entropy","Gorilla.3361629202","0"
"Match.3361635200","Cluneplayer","Gorilla.3361629202","100"
"Round4.Fluxplayer.Mccarthy.Round4.3362160317","Fluxplayer","Mccarthy.Round4","100"
"Round4.Cluneplayer.Mccarthy.Round4.3362160317","Cluneplayer","Mccarthy.Round4","0"
"Round4.Pires5600.Mccarthy.Round4.3362160317","Pires5600","Mccarthy.Round4","45"
"Round4.Ogre.Mccarthy.Round4.3362160317","Ogre","Mccarthy.Round4","45"
"Round4.Nnrg.Hazel.Mccarthy.Round4.3362160317","Nnrg.Hazel","Mccarthy.Round4","0"
"Round4.Apple-Rt.Mccarthy.Round4.3362160317","Apple-Rt","Mccarthy.Round4","0"
"Round4.Luckylemming.Mccarthy.Round4.3362160317","Luckylemming","Mccarthy.Round4","30"
"Round4.Fluxplayer.Minsky.Round4.3362160317","Fluxplayer","Minsky.Round4","100"
"Round4.Cluneplayer.Minsky.Round4.3362160317","Cluneplayer","Minsky.Round4","0"
"Round4.Pires5600.Minsky.Round4.3362160317","Pires5600","Minsky.Round4","0"
"Round4.Ogre.Minsky.Round4.3362160317","Ogre","Minsky.Round4","0"
"Round4.Nnrg.Hazel.Minsky.Round4.3362160317","Nnrg.Hazel","Minsky.Round4","0"
"Round4.Apple-Rt.Minsky.Round4.3362160317","Apple-Rt","Minsky.Round4","0"
"Round4.Luckylemming.Minsky.Round4.3362160317","Luckylemming","Minsky.Round4","0"
"Round4.Fluxplayer.Vonneumann.Round4.3362160317","Fluxplayer;Cluneplayer","Vonneumann.Round4","75;25"
"Round4.Pires5600.Vonneumann.Round4.3362160317","Pires5600;Ogre","Vonneumann.Round4","100;0"
"Round4.Nnrg.Hazel.Vonneumann.Round4.3362160317","Nnrg.Hazel;Entropy","Vonneumann.Round4","50;50"
"Round4.Luckylemming.Vonneumann.Round4.3362160317","Luckylemming;Apple-Rt","Vonneumann.Round4","100;0"
"Round4.Nnrg.Hazel.Simon.Round4.3362160317","Nnrg.Hazel;Cluneplayer","Simon.Round4","0;100"
"Round4.Cluneplayer.Simon.Round4.3362160317","Cluneplayer;Nnrg.Hazel","Simon.Round4","70;30"
"Round4.Pires5600.Simon.Round4.3362160317","Pires5600;Fluxplayer","Simon.Round4","70;30"
"Round4.Fluxplayer.Simon.Round4.3362160317","Fluxplayer;Pires5600","Simon.Round4","100;0"
"Round4.Ogre.Simon.Round4.3362160317","Ogre;Luckylemming","Simon.Round4","30;70"
"Round4.Luckylemming.Simon.Round4.3362160318","Luckylemming;Ogre","Simon.Round4","80;20"
"Round4.Apple-Rt.Simon.Round4.3362160318","Apple-Rt;Entropy","Simon.Round4","0;100"
"Round4.Entropy.Simon.Round4.3362160318","Entropy;Apple-Rt","Simon.Round4","100;0"
"Round4.Ogre.Newell.Round4.3362160318","Ogre;Fluxplayer","Newell.Round4","37;100"
"Round4.Fluxplayer.Newell.Round4.3362160318","Fluxplayer;Ogre","Newell.Round4","62;25"
"Round4.Pires5600.Newell.Round4.3362160318","Pires5600;Cluneplayer","Newell.Round4","13;100"
"Round4.Cluneplayer.Newell.Round4.3362160318","Cluneplayer;Pires5600","Newell.Round4","100;0"
"Round4.Luckylemming.Newell.Round4.3362160318","Luckylemming;Entropy","Newell.Round4","0;0"
"Round4.Entropy.Newell.Round4.3362160318","Entropy;Luckylemming","Newell.Round4","0;0"
"Round4.Apple-Rt.Newell.Round4.3362160318","Apple-Rt;Nnrg.Hazel","Newell.Round4","0;13"
"Round4.Nnrg.Hazel.Newell.Round4.3362160318","Nnrg.Hazel;Apple-Rt","Newell.Round4","25;0"
"Round4.Entropy.Mccarthy.Round4.3362218250","Entropy","Mccarthy.Round4","0"
"Round4.Entropy.Minsky.Round4.3362218305","Entropy","Minsky.Round4","0"
"FinalMatch","Cluneplayer;Fluxplayer","CylinderCheckers","0;100"
